"ID","Player","Team","Position","RkOv","Status","Roster Status","Age","Opponent","FPts","FP/G","Ros","+/-","GP","Pt"
"*02un4*","Connor McDavid","EDM","C","1","PSK","Active","29","VAN Thu 7:00PM","134","1.65","85%","-15%","81","134"
"*02b70*","Nikita Kucherov","TBL","RW","2","LHB","Active","32","","130","1.71","85%","-15%","76","130"
"*02f9l*","Nathan MacKinnon","COL","C","3","TPA","Active","30","SEA Thu 8:00PM","127","1.59","85%","-15%","80","127"
"*05w9c*","Macklin Celebrini","SJS","C","4","FZ","Reserve","19","@WPG Thu 6:00PM","112","1.38","85%","-15%","81","112"
"*02azb*","Mark Scheifele","WPG","C","5","KR","Active","33","SJS Thu 6:00PM","103","1.27","85%","-15%","81","103"
"*048xc*","Nick Suzuki","MTL","C","6","LHB","Active","26","","101","1.23","85%","-15%","82","101"
"*03d12*","David Pastrnak","BOS","RW","8","GRN","Active","29","","100","1.3","85%","-15%","77","100"
"*049k7*","Martin Necas","COL","RW","7","TPA","Active","27","SEA Thu 8:00PM","100","1.28","85%","-15%","78","100"
"*02yjl*","Leon Draisaitl","EDM","C,LW","9","GRN","Active","30","VAN Thu 7:00PM","97","1.49","80%","-14%","65","97"
"*04dwj*","Jason Robertson","DAL","LW","10","PA","Active","26","","96","1.17","85%","-15%","82","96"
"*04lc0*","Evan Bouchard","EDM","D","11","GRN","Active","26","VAN Thu 7:00PM","92","1.14","85%","-15%","81","92"
"*03kra*","Kyle Connor","WPG","LW","12","UPI","Active","29","SJS Thu 6:00PM","92","1.14","84%","-15%","81","92"
"*03924*","Jack Eichel","VGK","C","13","GRN","Active","29","","90","1.22","85%","-15%","74","90"
"*03rh3*","Kirill Kaprizov","MIN","LW","14","JS","Active","28","","89","1.14","84%","-15%","78","89"
"*04mv2*","Cole Caufield","MTL","LW","15","ADB","Active","25","","88","1.09","85%","-15%","81","88"
"*031p0*","Jake Guentzel","TBL","LW,RW","16","GRN","Active","31","","88","1.09","85%","-15%","81","88"
"*05tqt*","Wyatt Johnston","DAL","C,RW","17","PA","Active","22","","86","1.05","85%","-15%","82","86"
"*03mn8*","Clayton Keller","UTA","LW","18","LHB","Active","27","STL Thu 5:30PM","86","1.06","84%","-15%","81","86"
"*04xec*","Matt Boldy","MIN","LW,RW","19","PA","Active","25","","85","1.12","84%","-15%","76","85"
"*03v70*","Alex DeBrincat","DET","LW","20","TPA","Active","28","","85","1.04","84%","-15%","82","85"
"*03bfj*","Artemi Panarin","LAK","LW","21","LHB","Active","34","@CGY Thu 7:00PM","84","1.09","83%","-15%","77","84"
"*051z0*","Tim Stutzle","OTT","C,LW","22","PA","Reserve","24","","83","1.04","84%","-15%","80","83"
"*042t5*","Tage Thompson","BUF","C,RW","24","GG","Active","28","","81","1","85%","-15%","81","81"
"*03ra7*","Zach Werenski","CBJ","D","25","UPI","Active","28","","81","1.08","85%","-15%","75","81"
"*03rmx*","Sebastian Aho","CAR","C","26","GRN","Active","28","","80","1.01","84%","-15%","79","80"
"*03jvu*","Mitch Marner","VGK","C,LW,RW","27","ADB","Active","28","","80","0.99","83%","-15%","81","80"
"*02yjj*","William Nylander","TOR","RW","29","JS","Active","29","","79","1.22","83%","-15%","65","79"
"*04alw*","Cale Makar","COL","D","31","JS","Active","27","SEA Thu 8:00PM","78","1.05","85%","-15%","74","78"
"*05wwg*","Lane Hutson","MTL","D","30","LHB","Active","22","","78","0.95","85%","-15%","82","78"
"*027i6*","Mika Zibanejad","NYR","C,RW","33","JS","Active","32","","78","0.96","81%","-15%","81","78"
"*04bdb*","Jack Hughes","NJD","C,LW","34","UPI","Active","24","","77","1.26","84%","-15%","61","77"
"*03mn9*","Mikko Rantanen","DAL","RW","35","TT","Active","29","","77","1.2","84%","-15%","64","77"
"*04lbz*","Quinn Hughes","MIN","D","36","TT","Active","26","","76","1.03","85%","-15%","74","76"
"*04ymt*","Lucas Raymond","DET","RW","37","PA","Active","24","","76","0.95","83%","-15%","80","76"
"*04y4m*","Connor Bedard","CHI","C","38","GG","Reserve","20","","75","1.09","85%","-15%","69","75"
"*00454*","Sidney Crosby","PIT","C","39","PA","Active","38","","74","1.09","84%","-15%","68","74"
"*04ad7*","Rasmus Dahlin","BUF","D","40","LHB","Active","26","","74","0.96","84%","-15%","77","74"
"*042yb*","Brandon Hagel","TBL","LW","41","UPI","Active","27","","74","1.04","84%","-15%","71","74"
"*02unz*","Nick Schmaltz","UTA","C,RW","42","TPA","Active","30","STL Thu 5:30PM","74","0.91","76%","-15%","81","74"
"*03e1n*","Adrian Kempe","LAK","RW","45","ADB","Active","29","@CGY Thu 7:00PM","73","0.91","85%","-15%","80","73"
"*04o0h*","Dylan Guenther","UTA","RW","44","FZ","Active","23","STL Thu 5:30PM","73","0.92","84%","-15%","79","73"
"*02fzm*","Filip Forsberg","NSH","LW","43","JS","Active","31","ANA Thu 6:00PM","73","0.9","83%","-15%","81","73"
"*05r1c*","Juraj Slafkovsky","MTL","LW,RW","47","LHB","Active","22","","73","0.89","82%","-15%","82","73"
"*01zvf*","Mark Stone","VGK","RW","48","UPI","Reserve","33","","73","1.22","80%","-14%","60","73"
"*01f6d*","Ryan O'Reilly","NSH","C","46","LHB","Active","35","ANA Thu 6:00PM","73","0.91","67%","-14%","80","73"
"*02uws*","Mathew Barzal","NYI","C,RW","49","LHB","Active","28","","72","0.89","76%","-14%","81","72"
"*01c12*","John Tavares","TOR","C","54","TT","Reserve","35","","71","0.87","83%","-15%","82","71"
"*04f2d*","Drake Batherson","OTT","LW,RW","51","TT","Active","27","","71","0.9","82%","-15%","79","71"
"*042ye*","Jesper Bratt","NJD","RW","52","GG","Active","27","","71","0.87","81%","-15%","82","71"
"*03as8*","Nikolaj Ehlers","CAR","LW,RW","53","GRN","Active","30","","71","0.87","76%","-14%","82","71"
"*048vf*","Andrei Svechnikov","CAR","LW,RW","56","GG","Active","26","","70","0.89","80%","-15%","79","70"
"*03klz*","Darren Raddysh","TBL","D","55","JS","Active","30","","70","0.96","73%","-15%","73","70"
"*03w5m*","Gabriel Vilardi","WPG","RW","58","FZ","Reserve","26","SJS Thu 6:00PM","69","0.85","75%","-13%","81","69"
"*05rjd*","Cutter Gauthier","ANA","LW,RW","59","MC","Active","22","@NSH Thu 6:00PM","68","0.91","82%","-15%","75","68"
"*038vb*","Travis Konecny","PHI","RW","61","UPI","Active","29","","68","0.88","81%","-15%","77","68"
"*04a9v*","Morgan Geekie","BOS","C,LW,RW","60","GG","Active","27","","68","0.84","79%","-15%","81","68"
"*04qy5*","Kirill Marchenko","CBJ","RW","63","PA","Active","25","","67","0.88","84%","-15%","76","67"
"*03duf*","Dylan Larkin","DET","C","62","ADB","Active","29","","67","0.91","83%","-15%","74","67"
"*04y8g*","Trevor Zegras","PHI","C,LW","64","PA","Active","25","","67","0.83","75%","-14%","81","67"
"*05gvq*","Seth Jarvis","CAR","RW","69","PA","Active","24","","66","0.93","84%","-15%","71","66"
"*03d09*","Alex Tuch","BUF","RW","73","JS","Active","29","","66","0.84","83%","-15%","79","66"
"*0457f*","Nico Hischier","NJD","C","68","TT","Active","27","","66","0.8","81%","-15%","82","66"
"*05tur*","Matthew Knies","TOR","LW","71","KR","Active","23","","66","0.84","81%","-15%","79","66"
"*05y3a*","Leo Carlsson","ANA","C","66","PA","Active","21","@NSH Thu 6:00PM","66","0.96","80%","-15%","69","66"
"*016g3*","Erik Karlsson","PIT","D","70","LHB","Active","35","","66","0.88","77%","-15%","75","66"
"*01zvp*","Bryan Rust","PIT","RW","76","TT","Reserve","33","","65","0.9","75%","-15%","72","65"
"*03l0t*","Pavel Zacha","BOS","C,LW","77","KR","Active","29","","65","0.83","58%","-15%","78","65"
"*04zo0*","Pavel Dorofeyev","VGK","LW,RW","78","LHB","Reserve","25","","64","0.78","80%","-14%","82","64"
"*004cq*","Alex Ovechkin","WSH","LW,RW","81","TPA","Reserve","40","","64","0.78","79%","-15%","82","64"
"*04an5*","Miro Heiskanen","DAL","D","82","FZ","Active","26","","63","0.82","82%","-17%","77","63"
"*00qru*","Steven Stamkos","NSH","C,LW,RW","83","LHB","Active","36","ANA Thu 6:00PM","63","0.78","74%","-15%","81","63"
"*02noj*","Tom Wilson","WSH","RW","87","KR","Active","32","","62","0.86","79%","-15%","72","62"
"*064r2*","Ivan Demidov","MTL","RW","85","MC","Reserve","20","","62","0.76","78%","-14%","82","62"
"*03wpm*","Charlie McAvoy","BOS","D","90","GRN","Active","28","","61","0.88","80%","-16%","69","61"
"*02un5*","Sam Reinhart","FLA","RW","91","PSK","Active","30","","61","0.95","80%","-15%","64","61"
"*04apb*","Robert Thomas","STL","C","92","TPA","Active","26","@UTA Thu 5:30PM","61","0.97","78%","-14%","63","61"
"*0045k*","Evgeni Malkin","PIT","C,LW","89","JS","Reserve","39","","61","1.09","71%","-15%","56","61"
"*02yjp*","Ivan Barbashev","VGK","LW","88","KR","Active","30","","61","0.74","57%","-9%","82","61"
"*04zb4*","Moritz Seider","DET","D","95","PA","Active","25","","60","0.73","84%","-15%","82","60"
"*03mqg*","Jakob Chychrun","WSH","D","93","GRN","Active","28","","60","0.75","83%","-15%","80","60"
"*06hcw*","Beckett Sennecke","ANA","RW","96","KR","Reserve","20","@NSH Thu 6:00PM","60","0.74","66%","-13%","81","60"
"*03yg3*","Mikhail Sergachev","UTA","D","100","TPA","Active","27","STL Thu 5:30PM","59","0.77","83%","-15%","77","59"
"*04kyh*","Brady Tkachuk","OTT","LW","101","PSK","Active","26","","59","0.98","83%","-15%","60","59"
"*06gk0*","Matthew Schaefer","NYI","D","99","FZ","Reserve","18","","59","0.72","82%","-15%","82","59"
"*0579x*","Adam Fantilli","CBJ","C","98","FZ","Reserve","21","","59","0.72","78%","-15%","82","59"
"*04mtp*","Dylan Cozens","OTT","C","97","TT","Active","25","","59","0.72","76%","-15%","82","59"
"*015pv*","John Carlson","ANA","D","104","TT","Active","36","@NSH Thu 6:00PM","58","0.83","82%","-14%","70","58"
"*02nok*","Tomas Hertl","VGK","C,LW","107","KR","Active","32","","58","0.71","76%","-14%","82","58"
"*03as9*","Dylan Strome","WSH","C","109","GRN","Reserve","29","","58","0.72","75%","-14%","80","58"
"*039cg*","Sam Bennett","FLA","C","102","JS","Reserve","29","","58","0.76","70%","-15%","76","58"
"*01zto*","Charlie Coyle","CBJ","C,RW","105","JS","Active","34","","58","0.71","41%","-12%","82","58"
"*051m4*","Jackson LaCombe","ANA","D","113","JS","Active","25","@NSH Thu 6:00PM","57","0.7","83%","-15%","81","57"
"*03167*","Bo Horvat","NYI","C","111","JS","Reserve","31","","57","0.84","79%","-15%","68","57"
"*0644b*","Will Smith","SJS","C,RW","115","MC","Reserve","21","@WPG Thu 6:00PM","57","0.84","74%","-14%","68","57"
"*003kg*","Patrick Kane","DET","RW","112","GRN","Reserve","37","","57","0.85","62%","-10%","67","57"
"*04amg*","Alexis Lafreniere","NYR","LW,RW","114","LHB","Reserve","24","","57","0.7","59%","-13%","82","57"
"*03rik*","Troy Terry","ANA","RW","118","PSK","Active","28","@NSH Thu 6:00PM","56","0.93","70%","-13%","60","56"
"*02ybn*","Josh Morrissey","WPG","D","121","KR","Active","31","SJS Thu 6:00PM","55","0.72","84%","-15%","76","55"
"*01fx3*","Roman Josi","NSH","D","120","GRN","Active","35","ANA Thu 6:00PM","55","0.81","81%","-15%","68","55"
"*02422*","Ryan Nugent-Hopkins","EDM","C,LW","122","KR","Active","33","VAN Thu 7:00PM","55","0.77","75%","-14%","71","55"
"*031p3*","Carter Verhaeghe","FLA","LW","123","TT","Active","30","","55","0.71","67%","-13%","77","55"
"*059e0*","Jake Sanderson","OTT","D","129","UPI","Active","23","","54","0.81","83%","-16%","67","54"
"*004jl*","Brad Marchand","FLA","LW,RW","127","JS","Reserve","37","","54","1.04","75%","-14%","52","54"
"*01sio*","Mats Zuccarello","MIN","RW","130","PSK","Reserve","38","","54","0.92","47%","-11%","59","54"
"*05gdo*","Luke Evangelista","NSH","RW","126","GG","Active","24","ANA Thu 6:00PM","54","0.68","37%","-8%","80","54"
"*02zpp*","Viktor Arvidsson","BOS","LW,RW","125","JS","Active","33","","54","0.78","33%","-11%","69","54"
"*03w5s*","Ryan McLeod","BUF","C","128","TPA","Reserve","26","","54","0.67","29%","-7%","81","54"
"*042w4*","Adam Fox","NYR","D","132","TPA","Active","28","","53","0.96","83%","-15%","55","53"
"*03jxy*","Auston Matthews","TOR","C","133","ADB","Active","28","","53","0.88","75%","-13%","60","53"
"*02aez*","J.T. Miller","NYR","C,LW,RW","134","TT","Reserve","33","","53","0.78","75%","-14%","68","53"
"*05tv0*","Jackson Blake","CAR","RW","131","TPA","Active","22","","53","0.65","43%","-8%","81","53"
"*051tx*","Aliaksei Protas","WSH","LW,RW","139","UPI","Active","25","","52","0.68","66%","-12%","76","52"
"*05r3d*","Josh Doan","BUF","LW,RW","138","UPI","Active","24","","52","0.63","52%","-11%","82","52"
"*01ztp*","Zach Hyman","EDM","RW","144","JS","Active","33","VAN Thu 7:00PM","51","0.89","78%","-15%","57","51"
"*05ltj*","Brock Faber","MIN","D","143","TPA","Reserve","23","","51","0.64","78%","-15%","80","51"
"*048x9*","Elias Pettersson","VAN","C","146","GG","Active","27","@EDM Thu 7:00PM","51","0.7","72%","-13%","73","51"
"*03rae*","Joel Eriksson Ek","MIN","C","142","GRN","Active","29","","51","0.73","71%","-14%","70","51"
"*05gvo*","Matvei Michkov","PHI","LW,RW","145","FZ","Reserve","21","","51","0.63","68%","-10%","81","51"
"*03yh8*","Owen Tippett","PHI","LW,RW","148","KR","Reserve","27","","51","0.63","59%","-13%","81","51"
"*05g42*","Jack Quinn","BUF","RW","147","GRN","Reserve","24","","51","0.62","39%","-10%","82","51"
"*02nq3*","Shayne Gostisbehere","CAR","D","151","TPA","Active","32","","50","0.91","81%","-16%","55","50"
"*03e1m*","Brayden Point","TBL","C","154","TPA","Active","30","","50","0.79","79%","-15%","63","50"
"*01f3e*","Nazem Kadri","COL","C","152","JS","Active","35","SEA Thu 8:00PM","50","0.65","69%","-15%","77","50"
"*05r1l*","William Eklund","SJS","LW,RW","150","PA","Reserve","23","@WPG Thu 6:00PM","50","0.65","67%","-11%","77","50"
"*05ymj*","Jimmy Snuggerud","STL","RW","156","GG","Active","21","@UTA Thu 5:30PM","50","0.72","58%","-10%","69","50"
"*05r1i*","Matty Beniers","SEA","C","149","GG","Reserve","23","@COL Thu 8:00PM","50","0.62","48%","-7%","81","50"
"*01f5z*","Chris Kreider","ANA","LW","153","LHB","Active","34","@NSH Thu 6:00PM","50","0.68","45%","-10%","74","50"
"*051yz*","Dylan Holloway","STL","LW","159","GRN","Active","24","@UTA Thu 5:30PM","49","0.84","73%","-13%","58","49"
"*042vx*","Filip Hronek","VAN","D","160","LHB","Active","28","@EDM Thu 7:00PM","49","0.6","67%","-14%","81","49"
"*0042t*","Claude Giroux","OTT","LW,RW","158","ADB","Active","38","","49","0.6","40%","-8%","82","49"
"*02b3o*","Rickard Rakell","PIT","LW,RW","170","PSK","Active","32","","48","0.8","67%","-15%","60","48"
"*04lo0*","Quinton Byfield","LAK","C,LW","165","UPI","Reserve","23","@CGY Thu 7:00PM","48","0.62","67%","-10%","78","48"
"*02ybk*","Artturi Lehkonen","COL","LW","167","TT","Active","30","SEA Thu 8:00PM","48","0.7","62%","-12%","69","48"
"*03raf*","Brock Boeser","VAN","LW,RW","164","ADB","Reserve","29","@EDM Thu 7:00PM","48","0.65","51%","-8%","74","48"
"*02wy3*","Elias Lindholm","BOS","C","168","GRN","Reserve","31","","48","0.7","50%","-11%","69","48"
"*04ld3*","Noah Dobson","MTL","D","174","JS","Active","26","","47","0.59","80%","-16%","80","47"
"*02ybl*","Valeri Nichushkin","COL","LW,RW","175","GRN","Reserve","31","SEA Thu 8:00PM","47","0.66","66%","-11%","71","47"
"*04zj5*","JJ Peterka","UTA","LW,RW","182","TPA","Active","24","STL Thu 5:30PM","46","0.57","60%","-10%","81","46"
"*04yn0*","Connor McMichael","WSH","C,LW","181","ADB","Active","25","","46","0.59","42%","-8%","78","46"
"*01ex7*","Matt Duchene","DAL","C,RW","184","GRN","Active","35","","45","0.79","61%","-12%","57","45"
"*042vl*","Jordan Kyrou","STL","RW","186","PSK","Active","27","@UTA Thu 5:30PM","45","0.63","59%","-10%","71","45"
"*0644f*","Ryan Leonard","WSH","RW","187","GG","Reserve","21","","45","0.6","53%","-11%","75","45"
"*05uao*","Collin Graf","SJS","LW,RW","185","TPA","Reserve","23","@WPG Thu 6:00PM","45","0.56","27%","-7%","80","45"
"*03rf8*","Vince Dunn","SEA","D","192","TT","Active","29","@COL Thu 8:00PM","44","0.55","77%","-14%","80","44"
"*03rf2*","Roope Hintz","DAL","C","193","TT","Active","29","","44","0.83","72%","-14%","53","44"
"*03ra8*","Timo Meier","NJD","LW,RW","197","TT","Active","29","","44","0.57","68%","-14%","77","44"
"*04yqp*","Anton Lundell","FLA","C","196","PSK","Reserve","24","","44","0.69","55%","-12%","64","44"
"*05rf2*","Logan Stankoven","CAR","C,RW","198","MC","Active","23","","44","0.54","50%","-8%","81","44"
"*05ran*","Matt Coronato","CGY","RW","190","GG","Reserve","23","LAK Thu 7:00PM","44","0.56","37%","-7%","79","44"
"*05ui2*","Logan Cooley","UTA","C","203","PA","Reserve","21","STL Thu 5:30PM","43","0.81","78%","-14%","53","43"
"*05ylt*","Zach Benson","BUF","LW","201","FZ","Reserve","20","","43","0.66","40%","-7%","65","43"
"*04ldb*","Bowen Byram","BUF","D","209","GG","Active","24","","42","0.51","59%","-12%","82","42"
"*03rab*","Jake DeBrusk","VAN","LW,RW","211","ADB","Active","29","@EDM Thu 7:00PM","42","0.53","36%","-5%","80","42"
"*051xf*","Egor Chinakhov","PIT","LW,RW","210","JS","Reserve","25","","42","0.58","30%","-10%","72","42"
"*05m17*","Frank Nazar","CHI","C,RW","221","FZ","Active","22","","41","0.62","55%","-10%","66","41"
"*04zp9*","Mavrik Bourque","DAL","C,RW","218","GG","Active","24","","41","0.5","29%","-5%","82","41"
"*04znw*","Brandt Clarke","LAK","D","223","FZ","Active","23","@CGY Thu 7:00PM","40","0.49","75%","-14%","81","40"
"*03dms*","Kevin Fiala","LAK","LW,RW","225","TT","Active","29","@CGY Thu 7:00PM","40","0.71","62%","-10%","56","40"
"*05gd8*","Mason McTavish","ANA","C","230","FZ","Reserve","23","@NSH Thu 6:00PM","40","0.54","57%","-9%","74","40"
"*031nx*","Shea Theodore","VGK","D","235","ADB","Active","30","","39","0.56","77%","-14%","70","39"
"*01f3d*","Oliver Ekman-Larsson","TOR","D","231","ADB","Active","34","","39","0.5","53%","-11%","78","39"
"*051u2*","Matias Maccelli","TOR","LW","233","JS","Reserve","25","","39","0.55","23%","-4%","71","39"
"*02azf*","Dougie Hamilton","NJD","D","239","KR","Active","32","","38","0.49","72%","-15%","77","38"
"*05kbn*","Will Cuylle","NYR","LW,RW","236","GRN","Reserve","24","","38","0.46","54%","-11%","82","38"
"*01skr*","Mikael Granlund","ANA","C,RW","238","KR","Active","34","@NSH Thu 6:00PM","38","0.67","41%","-8%","57","38"
"*02noq*","Mike Matheson","MTL","D","245","TT","Active","32","","37","0.47","64%","-13%","78","37"
"*04qve*","K'Andre Miller","CAR","D","246","TT","Reserve","26","","37","0.51","48%","-11%","72","37"
"*05tcz*","Oliver Kapanen","MTL","C","244","LHB","Reserve","22","","37","0.45","33%","-8%","82","37"
"*04yu5*","Thomas Harley","DAL","D","255","UPI","Active","24","","36","0.51","79%","-14%","70","36"
"*02noe*","Morgan Rielly","TOR","D","259","ADB","Active","32","","36","0.46","70%","-12%","78","36"
"*059e5*","Jake Neighbours","STL","LW,RW","258","ADB","Reserve","24","@UTA Thu 5:30PM","36","0.53","41%","-7%","68","36"
"*03rag*","Jack Roslovic","EDM","C,RW","260","ADB","Reserve","29","VAN Thu 7:00PM","36","0.53","23%","-4%","68","36"
"*04ymn*","Luke Hughes","NJD","D","269","PA","Active","22","","35","0.51","72%","-16%","68","35"
"*04o0g*","Marco Rossi","VAN","C","277","MC","Active","24","@EDM Thu 7:00PM","35","0.71","50%","-8%","49","35"
"*03dug*","Tony DeAngelo","NYI","D","266","GRN","Reserve","30","","35","0.46","46%","-9%","76","35"
"*06snb*","Benjamin Kindel","PIT","C,RW","271","UPI","Reserve","18","","35","0.45","33%","-8%","77","35"
"*05yn2*","Fraser Minten","BOS","C,LW","274","UPI","Active","21","","35","0.43","31%","-8%","82","35"
"*05kdw*","Ridly Greig","OTT","C,LW,RW","268","ADB","Reserve","23","","35","0.45","21%","-5%","77","35"
"*059e2*","Justin Sourdif","WSH","C","280","TPA","Reserve","24","","35","0.45","18%","-6%","78","35"
"*03rip*","John Marino","UTA","D","273","KR","Reserve","28","STL Thu 5:30PM","35","0.44","16%","-3%","79","35"
"*03uzr*","Matthew Tkachuk","FLA","RW","290","FZ","Active","28","","34","1.1","79%","-16%","31","34"
"*04dwk*","Josh Norris","BUF","C","288","GRN","Reserve","26","","34","0.77","48%","-10%","44","34"
"*04mq0*","Matt Savoie","EDM","C,RW","289","JS","Reserve","22","VAN Thu 7:00PM","34","0.42","34%","-8%","81","34"
"*05lu8*","Alexander Nikishin","CAR","D","300","PA","Reserve","24","","33","0.41","72%","-14%","81","33"
"*05gd7*","Cole Sillinger","CBJ","C,LW","301","PSK","Active","22","","33","0.41","17%","-4%","81","33"
"*03de2*","Brandon Montour","SEA","D","312","PSK","Active","32","@COL Thu 8:00PM","32","0.51","75%","-14%","63","32"
"*0243f*","Seth Jones","FLA","D","309","KR","Reserve","31","","32","0.62","66%","-15%","52","32"
"*04yu6*","Jamie Drysdale","PHI","D","307","UPI","Active","24","","32","0.41","43%","-8%","78","32"
"*04uql*","Cole Perfetti","WPG","LW,RW","313","JS","Reserve","24","SJS Thu 6:00PM","32","0.48","41%","-8%","67","32"
"*050rc*","Dmitry Voronkov","CBJ","C,LW","318","TPA","Active","25","","32","0.51","41%","-8%","63","32"
"*04zo3*","Nick Robertson","TOR","LW,RW","315","KR","Reserve","24","","32","0.41","13%","-3%","78","32"
"*05y7m*","Denton Mateychuk","CBJ","D","325","LHB","Reserve","21","","31","0.41","40%","-8%","75","31"
"*02ni5*","Jonathan Marchessault","NSH","RW","324","ADB","Reserve","35","ANA Thu 6:00PM","31","0.5","36%","-6%","62","31"
"*05kua*","Emil Heineman","NYI","LW,RW","321","ADB","Active","24","","31","0.38","35%","-9%","82","31"
"*051um*","Arseny Gritsyuk","NJD","LW,RW","320","TT","Reserve","25","","31","0.47","25%","-6%","66","31"
"*05gd9*","Zack Bolduc","MTL","LW,RW","333","JS","Reserve","23","","30","0.38","34%","-6%","78","30"
"*06cl1*","Emmitt Finnie","DET","LW","338","TPA","Reserve","20","","30","0.37","26%","-6%","82","30"
"*05w9b*","Calum Ritchie","NYI","C","342","ADB","Reserve","21","","30","0.46","25%","-7%","65","30"
"*065d1*","Matthew Wood","NSH","RW","343","MC","Reserve","21","ANA Thu 6:00PM","30","0.43","24%","-6%","70","30"
"*04xjf*","Owen Power","BUF","D","354","GG","Active","23","","29","0.36","41%","-8%","81","29"
"*01skq*","Cam Fowler","STL","D","348","KR","Reserve","34","@UTA Thu 5:30PM","29","0.36","35%","-4%","81","29"
"*06bap*","Easton Cowan","TOR","C,RW","346","GG","Reserve","20","","29","0.44","30%","-7%","67","29"
"*03j8l*","Noah Hanifin","VGK","D","364","PSK","Active","29","","28","0.39","52%","-8%","71","28"
"*04y80*","Shane Wright","SEA","C","374","MC","Active","22","@COL Thu 8:00PM","27","0.37","36%","-6%","73","27"
"*06axe*","Gabe Perreault","NYR","LW,RW","372","FZ","Active","20","","27","0.55","36%","-8%","49","27"
"*05rjg*","Danila Yurov","MIN","C,LW","375","FZ","Reserve","22","","27","0.37","31%","-6%","73","27"
"*05rjh*","Noah Ostlund","BUF","C","371","MC","Active","22","","27","0.45","17%","-5%","60","27"
"*031v6*","MacKenzie Weegar","UTA","D","390","PSK","Active","32","STL Thu 5:30PM","26","0.33","70%","-12%","78","26"
"*06bmb*","Zeev Buium","VAN","D","377","FZ","Reserve","20","@EDM Thu 7:00PM","26","0.35","60%","-9%","75","26"
"*05ril*","Simon Nemec","NJD","D","383","FZ","Reserve","22","","26","0.38","46%","-9%","68","26"
"*05oxk*","Mason Lohrei","BOS","D","382","ADB","Active","25","","26","0.36","32%","-6%","73","26"
"*04ye7*","Cam York","PHI","D","391","TPA","Active","25","","26","0.35","28%","-6%","74","26"
"*06c72*","Braeden Bowman","VGK","RW","376","TPA","Reserve","22","","26","0.48","14%","-4%","54","26"
"*05nzz*","Simon Edvinsson","DET","D","395","GG","Active","23","","25","0.35","50%","-9%","72","25"
"*03ec6*","Devon Toews","COL","D","416","KR","Active","32","SEA Thu 8:00PM","24","0.36","52%","-8%","67","24"
"*06axy*","Artyom Levshunov","CHI","D","414","FZ","Active","20","","24","0.35","47%","-9%","68","24"
"*02wy1*","Jonathan Drouin","STL","LW,RW","408","KR","Active","31","@UTA Thu 5:30PM","24","0.38","17%","-2%","64","24"
"*03161*","Darnell Nurse","EDM","D","425","ADB","Reserve","31","VAN Thu 7:00PM","23","0.28","55%","-10%","81","23"
"*05gda*","Kent Johnson","CBJ","LW,RW","436","MC","Active","23","","22","0.29","39%","-6%","76","22"
"*05yli*","Pavel Mintyukov","ANA","D","441","LHB","Reserve","22","@NSH Thu 6:00PM","22","0.31","29%","-6%","72","22"
"*067xz*","Axel Sandin Pellikka","DET","D","452","FZ","Active","21","","21","0.31","35%","-7%","68","21"
"*05ui4*","Dalibor Dvorsky","STL","C","448","KR","Reserve","20","@UTA Thu 5:30PM","21","0.3","26%","-7%","70","21"
"*061im*","Michael Misa","SJS","C","463","MC","Reserve","19","@WPG Thu 6:00PM","20","0.45","47%","-8%","44","20"
"*05xrx*","Marco Kasper","DET","C,LW","472","GRN","Reserve","22","","19","0.23","35%","-6%","81","19"
"*0644e*","Oliver Moore","CHI","C,LW","474","FZ","Reserve","21","","19","0.37","21%","-5%","51","19"
"*06mb0*","Matvei Gridin","CGY","RW","471","UPI","Reserve","20","LAK Thu 7:00PM","19","0.53","17%","-5%","36","19"
"*02nqb*","Colton Parayko","STL","D","495","KR","Active","32","@UTA Thu 5:30PM","18","0.24","41%","-7%","76","18"
"*06hcr*","Igor Chernyshov","SJS","LW","482","MC","Reserve","20","@WPG Thu 6:00PM","18","0.67","33%","-5%","27","18"
"*06imq*","Maxim Shabanov","NYI","RW","500","PSK","Reserve","25","","18","0.41","24%","-5%","44","18"
"*01c13*","Victor Hedman","TBL","D","516","PSK","Active","35","","17","0.52","73%","-14%","33","17"
"*065nx*","Berkly Catton","SEA","C,LW","507","MC","Active","20","@COL Thu 8:00PM","17","0.26","30%","-7%","65","17"
"*05k8c*","Tyson Foerster","PHI","LW","515","GG","Active","24","","17","0.59","29%","-7%","29","17"
"*05rj4*","Fedor Svechkov","NSH","C","524","TT","Reserve","23","ANA Thu 6:00PM","17","0.25","9%","-3%","69","17"
"*06axb*","Nick Lardis","CHI","RW","557","TPA","Reserve","20","","15","0.37","15%","-5%","41","15"
"*06amv*","Sam Dickinson","SJS","D","568","MC","Active","19","@WPG Thu 6:00PM","14","0.2","35%","-7%","71","14"
"*06fzv*","Cole Hutson","WSH","D","635","MC","Reserve","19","","10","0.71","47%","-11%","14","10"
"*06hj9*","Porter Martone","PHI","RW","638","MC","Reserve","19","","10","1.11","42%","-8%","9","10"
"*06jhd*","Anton Frondell","CHI","C","653","FZ","Reserve","18","","9","0.75","40%","-8%","12","9"
"*05td4*","Ryan Ufko","NSH","D","668","UPI","Reserve","22","ANA Thu 6:00PM","9","0.53","12%","-4%","17","9"
"*060pq*","Alex Bump","PHI","LW","650","TPA","Reserve","22","","9","0.53","7%","-3%","17","9"
"*06hco*","Zayne Parekh","CGY","D","683","MC","Active","20","LAK Thu 7:00PM","8","0.22","52%","-8%","36","8"
"*060jj*","Jani Nyman","SEA","LW","706","PSK","Active","21","@COL Thu 8:00PM","7","0.26","14%","-4%","27","7"
"*05r1b*","Rutger McGroarty","PIT","LW,RW","729","UPI","Active","22","","6","0.25","26%","-6%","24","6"
"*05rj2*","Scott Morrow","NYR","D","731","GG","Active","23","","6","0.21","19%","-5%","29","6"
"*0570x*","Brad Lambert","WPG","RW","727","GRN","Reserve","22","SJS Thu 6:00PM","6","0.25","15%","-5%","24","6"
"*05rfa*","Isaac Howard","EDM","LW","745","MC","Active","22","VAN Thu 7:00PM","5","0.17","29%","-6%","29","5"
"*060jl*","Jiri Kulich","BUF","C","748","FZ","Active","22","","5","0.42","25%","-6%","12","5"
"*06maz*","Ilya Protas","WSH","LW","777","LHB","Reserve","19","","4","1","25%","-7%","4","4"
"*066q4*","Konsta Helenius","BUF","RW","766","JS","Reserve","19","","4","0.44","24%","-6%","9","4"
"*06axc*","Samuel Honzek","CGY","C,LW","767","KR","Reserve","21","LAK Thu 7:00PM","4","0.22","12%","-4%","18","4"
"*05xcm*","Jonathan Lekkerimaki","VAN","RW","800","FZ","Active","21","@EDM Thu 7:00PM","3","0.23","23%","-6%","13","3"
"*06axz*","Bradly Nadeau","CAR","C","804","UPI","Active","20","","3","0.25","23%","-6%","12","3"
"*05rb9*","Conor Geekie","TBL","C,RW","791","GG","Reserve","21","","3","0.21","21%","-5%","14","3"
"*05r2y*","Ivan Miroshnichenko","WSH","RW","803","PSK","Reserve","22","","3","0.23","17%","-5%","13","3"
"*057yc*","Brennan Othmann","CGY","LW","805","TT","Reserve","23","LAK Thu 7:00PM","3","0.16","12%","-4%","19","3"
"*06hcq*","Carter Yakemchuk","OTT","D","850","PA","Active","20","","2","0.5","33%","-8%","4","2"
"*05ymp*","Kevin Korchinski","CHI","D","834","GG","Reserve","21","","2","0.15","19%","-5%","13","2"
"*066q1*","Sacha Boisvert","CHI","C","821","ADB","Reserve","20","","2","0.29","12%","-4%","7","2"
"*06ag2*","James Hagens","BOS","C","878","GG","Reserve","19","","1","0.5","33%","-7%","2","1"
"*06rus*","Brady Martin","NSH","C","893","ADB","Reserve","19","ANA Thu 6:00PM","1","0.33","28%","-7%","3","1"
"*06pyw*","Victor Eklund","NYI","LW","868","FZ","Active","19","","1","1","24%","-6%","1","1"
"*067yd*","David Reinbacher","MTL","D","902","PSK","Reserve","21","","1","0.5","22%","-5%","2","1"
"*066on*","Michael Brandsegg-Nygard","DET","RW","855","PSK","Reserve","20","","1","0.07","16%","-5%","14","1"
"*06aew*","Dmitri Simashev","UTA","D","909","ADB","Reserve","21","STL Thu 5:30PM","1","0.04","16%","-5%","27","1"
"*05gdb*","Justin Robidas","CAR","C","904","PSK","Reserve","23","","1","0.5","3%","-1%","2","1"
"*02un7*","Aleksander Barkov","FLA","C","1030","PSK","Active","30","","0","0","51%","-10%","0","0"
"*06jhc*","Tij Iginla","UTA","C,LW","2040","FZ","Active","19","STL Thu 5:30PM","0","0","32%","-7%","0","0"
"*06loq*","Caleb Desnoyers","UTA","C","1501","ADB","Reserve","19","STL Thu 5:30PM","0","0","30%","-7%","0","0"
"*064om*","Michael Hage","MTL","C","1883","PSK","Reserve","20","","0","0","27%","-7%","0","0"
"*06ig3*","Cayden Lindstrom","CBJ","LW","2427","FZ","Reserve","20","","0","0","27%","-7%","0","0"
"*05rjy*","Cole Eiserman","NYI","LW","1584","PA","Reserve","19","","0","0","26%","-6%","0","0"
"*06imm*","Roger McQueen","ANA","RW","2659","MC","Reserve","19","@NSH Thu 6:00PM","0","0","25%","-6%","0","0"
"*06nkc*","Jake O'Brien","SEA","C","2870","PA","Reserve","18","@COL Thu 8:00PM","0","0","25%","-6%","0","0"
"*062dy*","Andrew Cristall","WSH","LW","1429","MC","Reserve","21","","0","0","23%","-6%","0","0"
"*06spu*","Alexander Zharovsky","MTL","RW","3856","LHB","Reserve","19","","0","0","22%","-5%","0","0"
"*06pyp*","Radim Mrtka","BUF","D","2767","ADB","Reserve","18","","0","0","22%","-6%","0","0"
"*05ui5*","Quentin Musty","SJS","LW","2791","FZ","Active","20","@WPG Thu 6:00PM","0","0","21%","-6%","0","0"
"*058t9*","Seamus Casey","NJD","D","1301","MC","Active","22","","0","0","20%","-5%","2","0"
"*06pyk*","Justin Carbonneau","STL","RW","1288","MC","Reserve","19","@UTA Thu 5:30PM","0","0","20%","-6%","0","0"
"*06rqm*","Carter Bear","DET","C","1050","KR","Reserve","19","","0","0","20%","-6%","0","0"
"*06hcy*","Liam Greentree","NYR","RW","1840","JS","Reserve","20","","0","0","20%","-6%","0","0"
"*06sqf*","Braeden Cootes","VAN","C","1398","GG","Reserve","19","@EDM Thu 7:00PM","0","0","20%","-5%","3","0"
"*06sn9*","Kashawn Aitcheson","NYI","D","936","TPA","Reserve","19","","0","0","19%","-6%","0","0"
"*06lv1*","Jett Luchanko","PHI","C","2468","ADB","Reserve","19","","0","0","19%","-6%","4","0"
"*06ay2*","Luca Cagnoni","SJS","D","1265","MC","Active","21","@WPG Thu 6:00PM","0","0","19%","-4%","2","0"
"*06nke*","Jackson Smith","CBJ","D","3402","PA","Active","18","","0","0","18%","-5%","0","0"
"*06h8h*","Trevor Connelly","VGK","LW","1390","MC","Reserve","20","","0","0","18%","-5%","0","0"
"*06jhe*","Cole Reschny","CGY","C","3146","PA","Reserve","19","LAK Thu 7:00PM","0","0","17%","-5%","0","0"
"*06axs*","Tanner Molendyk","NSH","D","2733","PSK","Reserve","21","ANA Thu 6:00PM","0","0","16%","-5%","0","0"
"*06bdr*","Roman Kantserov","CHI","RW","2140","MC","Reserve","21","","0","0","16%","-5%","0","0"
"*05yn1*","Jagger Firkus","SEA","C","1664","PSK","Reserve","21","@COL Thu 8:00PM","0","0","15%","-5%","0","0"
"*06lkx*","Terik Parascak","WSH","RW","2923","GG","Reserve","19","","0","0","14%","-5%","0","0"
"*06snc*","Jack Nesbitt","PHI","C","2827","PSK","Reserve","19","","0","0","14%","-5%","0","0"
"*0644a*","Colby Barlow","WPG","RW","1031","KR","Reserve","21","SJS Thu 6:00PM","0","0","13%","-4%","0","0"
"*06snd*","Lynden Lakovic","WSH","LW","2343","KR","Reserve","19","","0","0","13%","-4%","0","0"
"*06rut*","Cameron Reid","NSH","D","3140","KR","Reserve","19","ANA Thu 6:00PM","0","0","13%","-4%","0","0"
"*06qfa*","Bryce Pickford","MTL","D","3014","LHB","Reserve","20","","0","0","12%","-4%","0","0"
"*06loc*","Yegor Surin","NSH","RW","3506","PA","Reserve","19","ANA Thu 6:00PM","0","0","12%","-4%","0","0"
"*05ram*","Riley Heidt","MIN","C","1938","GG","Reserve","21","","0","0","11%","-4%","0","0"
"*0616n*","Owen Pickering","PIT","D","3013","KR","Reserve","22","","0","0","10%","-4%","4","0"
"*06lop*","Ivan Ryabkin","CAR","C","3225","MC","Reserve","18","","0","0","10%","-4%","0","0"
"*06sqm*","Ryker Lee","NSH","RW","2386","KR","Reserve","19","ANA Thu 6:00PM","0","0","10%","-4%","0","0"
"*06jha*","Max Plante","DET","C","3036","GG","Reserve","20","","0","0","10%","-3%","0","0"
"*06pys*","Cameron Schmidt","DAL","RW","3301","JS","Reserve","19","","0","0","9%","-4%","0","0"
"*06sqp*","Vaclav Nestrasil","CHI","RW","2829","UPI","Reserve","19","","0","0","9%","-3%","0","0"
"*05uh3*","Dmitri Buchelnikov","STL","RW","1234","MC","Active","22","@UTA Thu 5:30PM","0","0","9%","-4%","0","0"
"*06sqj*","Mason West","CHI","RW","3747","GRN","Reserve","18","","0","0","9%","-3%","0","0"
"*065ny*","Emil Hemming","DAL","RW","1951","UPI","Reserve","19","","0","0","9%","-3%","0","0"
"*06sn8*","Ethan Wyttenbach","CGY","RW","3815","UPI","Reserve","19","LAK Thu 7:00PM","0","0","8%","-3%","0","0"
"*06tmr*","Dmitri Isayev","OTT","LW","2052","PSK","Reserve","19","","0","0","1%","0%","0","0"
"*06lo7*","Ilya Pautov","PHI","RW","2946","PSK","Reserve","19","","0","0","1%","0%","0","0"
